protocol,epoch,train_loss,threshold,val_f1,val_roc_auc,val_pr_auc,val_balanced_accuracy,learning_rate
E1_UNSW_within,1,0.15802196542853894,0.31499999999999995,0.9507578795412623,0.9798600882495527,0.9902589183637354,0.8941246771814009,0.001
E1_UNSW_within,2,0.1087624643375908,0.19,0.9534176404674244,0.9829078904646193,0.9918333013988789,0.8971377118707469,0.001
E1_UNSW_within,3,0.10293245369541472,0.295,0.9542050981895978,0.9833304349484986,0.9920104487314285,0.9041552495615951,0.001
E1_UNSW_within,4,0.10054606426021327,0.30499999999999994,0.9549883243417344,0.9844131696522088,0.9925181934136404,0.9037091539085365,0.001
E1_UNSW_within,5,0.09811715684507204,0.285,0.9547686116700201,0.9843112648354412,0.9923928883507327,0.9030312685162464,0.001
E1_UNSW_within,6,0.09771138893953268,0.25499999999999995,0.9550075490689481,0.9854847179246243,0.9930530812642996,0.9037537967656792,0.001
E1_UNSW_within,7,0.0964703741280929,0.27999999999999997,0.9551018764596924,0.985524426856712,0.9930476627141722,0.9040007062358228,0.001
E1_UNSW_within,8,0.0956542362337527,0.285,0.9551427823952023,0.9856121396252161,0.9931091285544569,0.9037610068798143,0.001
E1_UNSW_within,9,0.09463816168515579,0.22499999999999998,0.9548950488703734,0.9857688544017045,0.9931978246742649,0.9001988364315938,0.001
E1_UNSW_within,10,0.09377612324728482,0.30499999999999994,0.9559946025416389,0.9860281304800609,0.9933135563864846,0.905654207040812,0.001
E1_UNSW_within,11,0.09366178037463754,0.27999999999999997,0.9564181755788369,0.9863601997210967,0.9934673563487562,0.9078575094414153,0.001
E1_UNSW_within,12,0.09307457981766135,0.22499999999999998,0.9560873418741439,0.9865474363789255,0.9935670345334232,0.9059248116953849,0.001
E1_UNSW_within,13,0.09286525769942049,0.295,0.9566347247035895,0.9867742996744132,0.9936714544541545,0.9119646691315095,0.001
E1_UNSW_within,14,0.092070950438147,0.285,0.9570215704594386,0.986744813954741,0.9936532719225786,0.9128812214587959,0.001
E1_UNSW_within,15,0.09163154650857483,0.29,0.9570438052113445,0.9867377085789697,0.9936266928610145,0.9098018799039997,0.001
E1_UNSW_within,16,0.0910407894331476,0.31499999999999995,0.9568854173073374,0.9875810413088106,0.9940722597525862,0.9187219095449567,0.001
E1_UNSW_within,17,0.09133169692063677,0.25999999999999995,0.9565445872746382,0.9874276706786447,0.9939810056980973,0.908899065135292,0.001
E1_UNSW_within,18,0.09023922584626985,0.245,0.9567152103559871,0.987468829114871,0.9940275692573273,0.9096535311043015,0.0005
E1_UNSW_within,19,0.08845568804637245,0.29,0.9574277938010318,0.9878560730295721,0.9942102010578685,0.9135371267573601,0.0005
E1_UNSW_within,20,0.08842106832974199,0.30999999999999994,0.9571916415968778,0.9873864205963504,0.9939818457171893,0.9136593826122346,0.0005
E1_UNSW_within,21,0.08760540284540343,0.32999999999999996,0.9580593125697977,0.9881984964059779,0.9943619088574067,0.9261930859213685,0.0005
E1_UNSW_within,22,0.08753768559815227,0.3,0.9577940577940578,0.9881866983774531,0.9943625187190781,0.9153722962539577,0.0005
E1_UNSW_within,23,0.08782755130011102,0.30499999999999994,0.9583997384659393,0.9883953746042387,0.994465397618763,0.9189643395797298,0.0005
E1_UNSW_within,24,0.08760673671528912,0.29,0.957795320563817,0.9878804321804132,0.9942165797853406,0.9169224408677125,0.0005
E1_UNSW_within,25,0.08741920441389084,0.33499999999999996,0.9578318253507098,0.988368421308571,0.9944432956690996,0.9280286051692871,0.0005
E1_UNSW_within,26,0.08649874575760054,0.31499999999999995,0.9574989783408255,0.9882096491713699,0.9943790850202261,0.917545043107318,0.0005
E1_UNSW_within,27,0.08704311249480731,0.26499999999999996,0.9577802135346892,0.9883181674676658,0.9944224326967643,0.9136827280453428,0.00025
E1_UNSW_within,28,0.0856201013793116,0.32999999999999996,0.9581514656295897,0.9885324266232949,0.9945300739329692,0.9265110809447998,0.00025
E1_UNSW_within,29,0.08578364680642667,0.32499999999999996,0.9583546925300909,0.9885698051267933,0.9945478469780056,0.921177949357505,0.00025
E1_UNSW_within,30,0.08524843542904094,0.29,0.9583147117376996,0.9885528001053369,0.9945377288980353,0.9150748991519185,0.00025
E1_UNSW_within,31,0.08518675844306531,0.32499999999999996,0.9591180712961055,0.9887195005625947,0.9946172970798242,0.9255509013484317,0.00025
E1_UNSW_within,32,0.08522589882646782,0.30999999999999994,0.9579623025980641,0.9884930169436748,0.9945131011899839,0.91650313766212,0.00025
E1_UNSW_within,33,0.08537200006885805,0.31999999999999995,0.9585487975047197,0.9887497793013053,0.9946330379021442,0.9219770581836573,0.00025
E1_UNSW_within,34,0.08538664618264073,0.30499999999999994,0.9584631786124324,0.988693050385138,0.9946034682690836,0.9212589925366435,0.00025
E1_UNSW_within,35,0.08505794168382451,0.3449999999999999,0.9582443112281939,0.9887427132024204,0.9946322229409887,0.9284029157664155,0.000125
E1_UNSW_within,36,0.08442859880734181,0.32999999999999996,0.9583678885387295,0.9886829674473167,0.9946009748089337,0.9282943974701197,0.000125
E1_UNSW_within,37,0.08391157256952231,0.25999999999999995,0.9584000973571588,0.9887822463236835,0.9946527304151345,0.9141954298163188,0.000125
E1_UNSW_within,38,0.08434919213903123,0.32999999999999996,0.9588059948662747,0.988674356457569,0.9945923091212998,0.9279842952305142,0.000125
E1_UNSW_within,39,0.0841202501585518,0.285,0.9583815733349582,0.9888420126523944,0.9946809316055987,0.9150903518012006,6.25e-05
E2_ToN_within,1,0.07248361987460937,0.145,0.9886956229182787,0.9951691649703822,0.9986088409977731,0.972825494550069,0.001
E2_ToN_within,2,0.03259854700549373,0.08,0.9896462903415882,0.99726197602022,0.9992297482459844,0.9760019995489253,0.001
E2_ToN_within,3,0.028380455316177437,0.31999999999999995,0.9901626043744295,0.9978157496816532,0.9993818054871498,0.9823121443848164,0.001
E2_ToN_within,4,0.024960406523730074,0.18,0.9923189898205513,0.9984110464020796,0.9995407038110167,0.9855593721933025,0.001
E2_ToN_within,5,0.02323454645063196,0.13,0.9930383480825958,0.9985065179884887,0.999509553678385,0.985286382468634,0.001
E2_ToN_within,6,0.02121336606796831,0.15499999999999997,0.9953212831128614,0.9987891428095802,0.9996582013859423,0.9884552254625383,0.001
E2_ToN_within,7,0.019842792485308434,0.235,0.9947860602798708,0.9989552230267219,0.9996956880765377,0.9864244015351156,0.001
E2_ToN_within,8,0.018255058509696807,0.12,0.9953867394012863,0.999226648300183,0.9997646387512333,0.9891193420109723,0.001
E2_ToN_within,9,0.01773119460059596,0.37999999999999995,0.994771638669635,0.9991426026160605,0.9997484941499655,0.9899196339211418,0.001
E2_ToN_within,10,0.016265285334416797,0.31499999999999995,0.9960944075957039,0.9992897912335414,0.9997834982368243,0.9905513436941215,0.001
E2_ToN_within,11,0.015245375822165183,0.06,0.9955751467940845,0.9993525715988221,0.9998000575861612,0.9886226117260142,0.001
E2_ToN_within,12,0.014648217857549233,0.16999999999999998,0.9959759567625814,0.9993761685709357,0.9998046880815401,0.9904760717568457,0.001
E2_ToN_within,13,0.013912412604050977,0.235,0.9960740703297444,0.9994238853343241,0.9998166650211334,0.9916427457202786,0.001
E2_ToN_within,14,0.013690536700388682,0.13,0.9966149648865761,0.9994725375634149,0.9998274828396811,0.9922243269510561,0.001
E2_ToN_within,15,0.013947176381147333,0.11499999999999999,0.996447632035288,0.9994477186767864,0.9998293439697543,0.9914591560690755,0.001
E2_ToN_within,16,0.013839728406830025,0.21499999999999997,0.995924279170035,0.9993205874856019,0.9997927295552718,0.9907239180864404,0.001
E2_ToN_within,17,0.013332405900915287,0.14999999999999997,0.9961421182971412,0.9993683683494238,0.9998087997657701,0.9915822409203899,0.001
E2_ToN_within,18,0.012210487936889487,0.13999999999999999,0.9964984343961483,0.9995162460465656,0.9998458502914318,0.9914670584506535,0.0005
E2_ToN_within,19,0.011549470746623618,0.21999999999999997,0.9966648699636168,0.9995447366861557,0.9998526793056204,0.9925732276141976,0.0005
E2_ToN_within,20,0.011185477030396993,0.19999999999999996,0.9966154208833583,0.9995658637884376,0.9998589825839497,0.9920538278102744,0.0005
E2_ToN_within,21,0.010580046967204128,0.19999999999999996,0.9967492546866316,0.9995784955801309,0.9998676350900222,0.9927000643440151,0.0005
E2_ToN_within,22,0.01096595000542168,0.185,0.9968330975001685,0.9995957686438435,0.9998709309401127,0.9930400249998101,0.0005
E2_ToN_within,23,0.010585442900524608,0.07,0.9965853084156168,0.9995708576128415,0.9998640229153751,0.9906561499061715,0.0005
E2_ToN_within,24,0.010304688742118222,0.145,0.996733786786989,0.9995800279811212,0.9998639615849348,0.99212909974755,0.0005
E2_ToN_within,25,0.010366541416650372,0.235,0.9968328840970351,0.9995903601697599,0.9998659054510578,0.9931252745702009,0.00025
E2_ToN_within,26,0.009956299011329455,0.235,0.9968840006063566,0.9996040355966374,0.9998719957779735,0.9930053025961926,0.00025
E2_ToN_within,27,0.009829870583156921,0.195,0.9969519896266609,0.9996219676929328,0.9998774444441303,0.9929021730111085,0.00025
E2_ToN_within,28,0.009722151045155312,0.22999999999999998,0.9969171678374691,0.999612917512966,0.9998738096793801,0.993294736085214,0.00025
E2_ToN_within,29,0.009560623671859503,0.19999999999999996,0.9969179985516278,0.9996135585173018,0.9998744388660491,0.9929537378036506,0.00025
E2_ToN_within,30,0.009493560746445187,0.22999999999999998,0.9969509627208868,0.9996249002877695,0.9998769121549382,0.993328420863063,0.000125
E2_ToN_within,31,0.00914155358415363,0.185,0.9969515789473684,0.9996175848257864,0.9998754494473991,0.9930726721518903,0.000125
E2_ToN_within,32,0.009078665827733598,0.14999999999999997,0.9970532271372523,0.9996253730284672,0.9998796746459622,0.9930458521298506,0.000125
E2_ToN_within,33,0.009156114055908151,0.30499999999999994,0.9969496267084619,0.9996137448091871,0.9998748356960123,0.9938825430706038,0.000125
E2_ToN_within,34,0.009219303660626923,0.20499999999999996,0.9971026211171754,0.9996140312579996,0.9998738419542323,0.9936505015041648,0.000125
E2_ToN_within,35,0.009270198992453516,0.16999999999999998,0.9969857708175465,0.9996308295778759,0.9998788425959725,0.9929358577889574,0.000125
E2_ToN_within,36,0.009171896239942206,0.175,0.9972044459413945,0.9996250344980521,0.9998770837246765,0.9935384319117342,0.000125
E2_ToN_within,37,0.00916960635887725,0.235,0.9971365045142164,0.9996254431383164,0.9998766362653833,0.9936415614968181,0.000125
E2_ToN_within,38,0.008936391640288224,0.19,0.9970360390703941,0.9996267692160361,0.9998763760638619,0.9931568840965126,0.000125
E2_ToN_within,39,0.009147039905656129,0.24,0.997102523499882,0.9996300763977813,0.999881531789284,0.9936931262893602,0.000125
E2_ToN_within,40,0.008619072564345385,0.15499999999999997,0.9971873684210526,0.9996214488800484,0.9998771939383125,0.9936068390932007,6.25e-05
E2_ToN_within,41,0.008856717497110367,0.22499999999999998,0.9971700020214271,0.9996362140142971,0.9998808376805223,0.9938031206302533,6.25e-05
E2_ToN_within,42,0.008951295391722982,0.15999999999999998,0.9971876526161567,0.9996299522031913,0.9998799827179361,0.9934789647376143,6.25e-05
E2_ToN_within,43,0.008671314339153469,0.19999999999999996,0.9972547368421053,0.9996386979060986,0.9998822996992891,0.9937594582192892,6.25e-05
E2_ToN_within,44,0.0087661723290304,0.18,0.9972548293110127,0.9996334276485747,0.9998805874733941,0.9937168334340939,3.125e-05
E2_ToN_within,45,0.008956057327200792,0.19,0.9971876526161567,0.99963554696916,0.9998812659046757,0.9934789647376143,3.125e-05
E3_UNSW_to_ToN,1,0.15885618285856384,0.26499999999999996,0.9508308444747339,0.9792996613210201,0.9900201393094097,0.8940690442773951,0.001
E3_UNSW_to_ToN,2,0.10897006709938464,0.10999999999999999,0.9533506701340269,0.9834839065763722,0.9920761909174172,0.896840664520029,0.001
E3_UNSW_to_ToN,3,0.10279782537532889,0.33499999999999996,0.9548360987454472,0.9840969140337437,0.9923729854129066,0.9068733185751991,0.001
E3_UNSW_to_ToN,4,0.09942410421976144,0.285,0.9552286923231916,0.9845742104971781,0.9926016538151404,0.9047132768594053,0.001
E3_UNSW_to_ToN,5,0.09870807740135469,0.3,0.9558343080708265,0.9851325875463093,0.9928892322931893,0.9062840193945525,0.001
E3_UNSW_to_ToN,6,0.09661658043446748,0.31999999999999995,0.9557650764167895,0.9855489150601797,0.9930900244164085,0.9069028417014298,0.001
E3_UNSW_to_ToN,7,0.09626567255759584,0.30999999999999994,0.9555330360762059,0.985806393753404,0.9931983436953784,0.9090673460196429,0.001
E3_UNSW_to_ToN,8,0.0950880682338839,0.27999999999999997,0.9560769308226764,0.9861698527079356,0.9933702259107982,0.9057616929160957,0.001
E3_UNSW_to_ToN,9,0.09392848416515019,0.27499999999999997,0.9561007101355713,0.9858249230921159,0.9932142924651259,0.906956409763411,0.001
E3_UNSW_to_ToN,10,0.09393194490584775,0.27499999999999997,0.9557814895505528,0.986359769545675,0.9934647327284037,0.9063842951557011,0.001
E3_UNSW_to_ToN,11,0.09275172726399657,0.30999999999999994,0.9563278050362921,0.9861877049879402,0.9933699284808133,0.910592413276635,0.001
E3_UNSW_to_ToN,12,0.09282955311346745,0.295,0.9567782739598699,0.9868310566454994,0.9937008242618632,0.9091057943507119,0.001
E3_UNSW_to_ToN,13,0.09234946707020635,0.29,0.9566530612244898,0.9863535432240264,0.9934720698815451,0.9153911959175978,0.001
E3_UNSW_to_ToN,14,0.09160851082508115,0.31999999999999995,0.9563921440529174,0.9869901673120545,0.9937915721265238,0.915210909398323,0.001
E3_UNSW_to_ToN,15,0.09097157461919646,0.285,0.9565252755297085,0.9870265601527384,0.9938069395482887,0.9128231907943956,0.001
E3_UNSW_to_ToN,16,0.09132427808599196,0.29,0.9573565983122019,0.9878238248355609,0.9941809396330297,0.915753484046851,0.001
E3_UNSW_to_ToN,17,0.09122840520264446,0.285,0.9565305379042377,0.9863298536505809,0.9934567278237931,0.9096992063824566,0.001
E3_UNSW_to_ToN,18,0.09057998506055362,0.3499999999999999,0.9568120003296794,0.9877347093211157,0.9941475457319306,0.9218541364920428,0.001
E3_UNSW_to_ToN,19,0.09018324499112973,0.27499999999999997,0.9570741409754216,0.9877107522907776,0.9941495002551093,0.9124756558117821,0.001
E3_UNSW_to_ToN,20,0.09004571634358254,0.3,0.957168083446265,0.9879800888630201,0.994243701477977,0.9201679984648348,0.0005
E3_UNSW_to_ToN,21,0.08810250201950902,0.25999999999999995,0.9569966422589911,0.9880256051633021,0.9942964100954745,0.9101363599977257,0.0005
E3_UNSW_to_ToN,22,0.08716472583836403,0.32999999999999996,0.9571854747453966,0.9882595289466911,0.9944078162452535,0.9214811912342967,0.0005
E3_UNSW_to_ToN,23,0.08778504984102388,0.30999999999999994,0.9575044287430514,0.9873536805060958,0.9939730591035395,0.9152895379841157,0.0005
E3_UNSW_to_ToN,24,0.08765947570403416,0.31499999999999995,0.9576702348487932,0.9882188511847405,0.9943846180316238,0.9151992198488177,0.0005
E3_UNSW_to_ToN,25,0.08648226410150528,0.285,0.9577624875682478,0.9884455274474364,0.9944887690750347,0.9136143900037705,0.0005
E3_UNSW_to_ToN,26,0.08690373264793036,0.32499999999999996,0.9574918332545764,0.988370246748622,0.9944587901796336,0.9210690981428391,0.0005
E3_UNSW_to_ToN,27,0.08621693586093793,0.29,0.9573730617208878,0.9881737949851271,0.9943645812197548,0.9121109530891832,0.0005
E3_UNSW_to_ToN,28,0.08686737608218538,0.27499999999999997,0.9570686133748559,0.98820005064848,0.9943747111269123,0.9100807270937199,0.00025
E3_UNSW_to_ToN,29,0.08579811551000761,0.32999999999999996,0.9585598247318273,0.9886132266598038,0.9945717896830192,0.9266037968404925,0.00025
E3_UNSW_to_ToN,30,0.08495987617019293,0.30499999999999994,0.9584184298668409,0.9887139456886698,0.9946191986794153,0.9187036925510076,0.00025
E3_UNSW_to_ToN,31,0.08491693976996602,0.31499999999999995,0.9591811617984903,0.9887411309049993,0.9946286116380075,0.9227239642872105,0.00025
E3_UNSW_to_ToN,32,0.08470735752928084,0.3,0.9589651367147587,0.9888903681104602,0.994701622653773,0.9199773877354369,0.00025
E3_UNSW_to_ToN,33,0.08496115097533101,0.3449999999999999,0.9582486836104316,0.9886872374059599,0.9946047410051617,0.9280265403272625,0.00025
E3_UNSW_to_ToN,34,0.08535514404808266,0.32499999999999996,0.9583796010692988,0.9885484684258721,0.994536209059443,0.9230543315298385,0.00025
E3_UNSW_to_ToN,35,0.08487153992704723,0.30499999999999994,0.9590051422835016,0.9887573073711867,0.9946344042311653,0.9216642084323361,0.000125
E3_UNSW_to_ToN,36,0.08434864662695622,0.30499999999999994,0.9591602427423322,0.9889173494610463,0.9947128072108409,0.9223740315442026,0.000125
E3_UNSW_to_ToN,37,0.08423379873451979,0.33499999999999996,0.958489627587922,0.9888622514708258,0.9946891859390626,0.928209574358253,0.000125
E3_UNSW_to_ToN,38,0.08413153670836186,0.30499999999999994,0.9587439178967166,0.9888761741918687,0.9946942921146193,0.9198863869304477,0.000125
E3_UNSW_to_ToN,39,0.08386697123448054,0.32499999999999996,0.9585030497260416,0.9888845906675126,0.9947018051978964,0.9267514629704997,6.25e-05
E4_ToN_to_UNSW,1,0.06551873717190963,0.18,0.988702279778767,0.9962389851818065,0.9989002369355324,0.9759281638619897,0.001
E4_ToN_to_UNSW,2,0.031170322593035444,0.27999999999999997,0.9897724971308985,0.9972519463055025,0.9992206545218519,0.9794783142944896,0.001
E4_ToN_to_UNSW,3,0.027971689888675298,0.38499999999999995,0.9903776233236941,0.9977849293919302,0.9993762820821998,0.9834262159299385,0.001
E4_ToN_to_UNSW,4,0.025451623369008303,0.16499999999999998,0.9912178676780447,0.998112208177568,0.9994732123818817,0.98116566606424,0.001
E4_ToN_to_UNSW,5,0.023879826667585542,0.245,0.9919975688816856,0.9982627700803662,0.9995133499631839,0.9849409933073698,0.001
E4_ToN_to_UNSW,6,0.022067009803972075,0.09999999999999999,0.9942365533580898,0.9984685785443607,0.9995691930239161,0.9839504873668141,0.001
E4_ToN_to_UNSW,7,0.020298541955915943,0.06,0.9933725820016821,0.9988829618066861,0.999671961124027,0.98334727424284,0.001
E4_ToN_to_UNSW,8,0.01857419769346182,0.18,0.9939816922065443,0.9989516814777663,0.9996920634619539,0.9875509245894616,0.001
E4_ToN_to_UNSW,9,0.017668404200646495,0.27999999999999997,0.9929895096035272,0.9986268244866348,0.9996084894716714,0.9879380591580978,0.001
E4_ToN_to_UNSW,10,0.017147498737488474,0.135,0.9950327501725909,0.9991478768798614,0.9997502173781313,0.9884246535619954,0.001
E4_ToN_to_UNSW,11,0.01705471085317965,0.06,0.9952389764640568,0.9992797635219625,0.9997767231202161,0.9877742665251799,0.001
E4_ToN_to_UNSW,12,0.015196775260847062,0.26999999999999996,0.9958073043829665,0.9993632082645202,0.999804884628825,0.990179773512015,0.001
E4_ToN_to_UNSW,13,0.013850578015470611,0.16499999999999998,0.9959436486964133,0.9994452007316296,0.9998320776594777,0.989973514341847,0.001
E4_ToN_to_UNSW,14,0.014241831609979272,0.27499999999999997,0.9962955479221391,0.9994247847435326,0.9998132541740473,0.9913075745687555,0.001
E4_ToN_to_UNSW,15,0.01404298288148961,0.30499999999999994,0.9962411718104741,0.9994511019777964,0.9998278235592231,0.9924931661726499,0.001
E4_ToN_to_UNSW,16,0.013099091609806887,0.245,0.996241551918831,0.9994851613425542,0.999838713802871,0.9923652918170637,0.001
E4_ToN_to_UNSW,17,0.012825838082270431,0.24999999999999994,0.9962602338196153,0.9994615102857,0.9998107330820212,0.9917853872132518,0.001
E4_ToN_to_UNSW,18,0.012814683157817594,0.065,0.9962807761565776,0.9994280759001697,0.9998206602644601,0.9905661108315086,0.0005
E4_ToN_to_UNSW,19,0.011724547616073064,0.295,0.9964282103986252,0.99950840976856,0.9998407820054547,0.9923374341692554,0.0005
E4_ToN_to_UNSW,20,0.01159376819019339,0.09,0.9964655984919887,0.9995175480866227,0.9998438365327473,0.9910923753912411,0.0005
E4_ToN_to_UNSW,21,0.011236834464528198,0.13,0.9967496926522845,0.9995471504681078,0.9998530776490893,0.9925295652032335,0.0005
E4_ToN_to_UNSW,22,0.011217701365239918,0.09,0.9961454949420141,0.9994693385511514,0.999830930280045,0.9904739965053084,0.0005
E4_ToN_to_UNSW,23,0.010927538279377456,0.22499999999999998,0.996681881726769,0.9995715947678278,0.9998608802143207,0.9925474452179266,0.0005
E4_ToN_to_UNSW,24,0.011022317530919932,0.18,0.996732466482517,0.9995244969742512,0.9998418660462234,0.9926405971698953,0.0005
E4_ToN_to_UNSW,25,0.01066568263507049,0.29,0.9967150149087785,0.9994886688381545,0.9998273101229941,0.9928368787069481,0.00025
E4_ToN_to_UNSW,26,0.010174389429656523,0.08,0.9966336766983102,0.9996027535879657,0.9998715870374324,0.9915591727768536,0.00025
E4_ToN_to_UNSW,27,0.009830910745742065,0.095,0.9967184423539707,0.9995699061220304,0.9998587308795577,0.9915155103658895,0.00025
E4_ToN_to_UNSW,28,0.010062570284519876,0.19,0.9967494736842105,0.9995891562834915,0.9998652537198428,0.9926148147736243,0.00025
E4_ToN_to_UNSW,29,0.01003331403314535,0.105,0.9967338967642008,0.9996134423352662,0.999871486428055,0.9920864749623546,0.000125
E5_Pooled_to_UNSW,1,0.10892400974035263,0.21499999999999997,0.9710659805519439,0.9901118484587862,0.9962982088462011,0.9279712810247327,0.001
E5_Pooled_to_UNSW,2,0.07404106402397156,0.31999999999999995,0.9735679976398351,0.9929038304361726,0.9973195238920903,0.9391118979271333,0.001
E5_Pooled_to_UNSW,3,0.06699898332357407,0.095,0.9754688699594194,0.9934465352867812,0.9975636464651861,0.9346619921192546,0.001
E5_Pooled_to_UNSW,4,0.06370017671585083,0.285,0.9753309874036439,0.9939677393851295,0.9977556819584696,0.9392593316569174,0.001
E5_Pooled_to_UNSW,5,0.06270504254102707,0.32499999999999996,0.9762844032479057,0.9943889607240749,0.9979085157299962,0.9418653273897268,0.001
E5_Pooled_to_UNSW,6,0.06043765765428543,0.31499999999999995,0.9760465801886793,0.9945528158158782,0.9979714527148907,0.9431401743498129,0.001
E5_Pooled_to_UNSW,7,0.058774103701114654,0.22999999999999998,0.9765923801117976,0.994756173784578,0.9980507657175313,0.9422703987626446,0.001
E5_Pooled_to_UNSW,8,0.05775522753596306,0.285,0.9765999539912583,0.9948481151283661,0.9980847502282312,0.9430742679758763,0.001
E5_Pooled_to_UNSW,9,0.05742884910106659,0.27499999999999997,0.9775623600527077,0.9950947098114455,0.9981718167545108,0.9461838489697192,0.001
E5_Pooled_to_UNSW,10,0.056502825438976285,0.3,0.9772515606701891,0.9951165229071625,0.9981819255597757,0.9462406992879392,0.001
E5_Pooled_to_UNSW,11,0.05560740914940834,0.235,0.97717196750654,0.9951498165294534,0.9981959735865351,0.9418675614072569,0.001
E5_Pooled_to_UNSW,12,0.05561501601338387,0.24999999999999994,0.9779087703834288,0.9953683931474101,0.9982702250842271,0.9435451143099347,0.001
E5_Pooled_to_UNSW,13,0.05428210300207138,0.175,0.977446497164807,0.995223502921813,0.9982243283291575,0.9390409921533533,0.001
E5_Pooled_to_UNSW,14,0.054140513628721236,0.235,0.9781801470588235,0.9955059023543049,0.9983276255998996,0.9450076587377442,0.001
E5_Pooled_to_UNSW,15,0.05418629351258278,0.24999999999999994,0.9780053125488286,0.9954468832488194,0.9983088048105022,0.9446848003526525,0.001
E5_Pooled_to_UNSW,16,0.05355857139825821,0.245,0.9778765550503979,0.9954323464224745,0.9983004125373758,0.9475059359731262,0.001
E5_Pooled_to_UNSW,17,0.053411384403705596,0.295,0.9782751323729174,0.9954790727179447,0.9983176519117583,0.9501200107360825,0.001
E5_Pooled_to_UNSW,18,0.053317022919654844,0.25999999999999995,0.9785364235970375,0.9954976409650967,0.9983142438203672,0.9477460271512093,0.001
E5_Pooled_to_UNSW,19,0.05293120467662811,0.21999999999999997,0.9784410667352827,0.9955352616869856,0.998332552516233,0.9453498862262295,0.001
E5_Pooled_to_UNSW,20,0.0528065202832222,0.26499999999999996,0.9783383552583229,0.9956274101487673,0.9983275886704983,0.9448337596135887,0.001
E5_Pooled_to_UNSW,21,0.052277298986911774,0.27499999999999997,0.9780530224254861,0.9956063626754261,0.9983563616966917,0.9458586251543015,0.001
E5_Pooled_to_UNSW,22,0.052043189406394956,0.26499999999999996,0.9784988739256332,0.9957396714341858,0.9984067650649133,0.9457385138588621,0.0005
E5_Pooled_to_UNSW,23,0.05044860154390335,0.24,0.9785574331472096,0.9958154613835463,0.9984273583199548,0.9464920805392687,0.0005
E5_Pooled_to_UNSW,24,0.050232351005077364,0.26999999999999996,0.978445810035247,0.995927630299101,0.9984763806635527,0.9490800955734411,0.0005
E5_Pooled_to_UNSW,25,0.05013274320960045,0.22999999999999998,0.9786013677476285,0.9958846745033793,0.9984701403696654,0.9458735376498346,0.0005
E5_Pooled_to_UNSW,26,0.05000439983606338,0.285,0.9787540644398462,0.9959064523652308,0.9984703606113917,0.9506931305069389,0.0005
E5_Pooled_to_UNSW,27,0.0498985493183136,0.24999999999999994,0.978547794117647,0.9958681317273638,0.9984616076862514,0.9457043750999308,0.0005
E5_Pooled_to_UNSW,28,0.04957292214035988,0.245,0.9785074736629221,0.9958274537534374,0.9984392029697715,0.9457801774287575,0.0005
E5_Pooled_to_UNSW,29,0.049455244243144986,0.245,0.9784655559233514,0.9959338538377062,0.998489442348378,0.94592063485316,0.0005
E5_Pooled_to_UNSW,30,0.04927978327870369,0.24,0.9787417937071295,0.9959434931567377,0.998481738497365,0.9464270083509061,0.00025
E5_Pooled_to_UNSW,31,0.049466200679540634,0.27499999999999997,0.9789704291881199,0.9960374061685973,0.9985207622968415,0.951734719754328,0.00025
E5_Pooled_to_UNSW,32,0.048671739667654035,0.26499999999999996,0.9790511056874491,0.9961151815938958,0.9985529702895759,0.9519965454661306,0.00025
E5_Pooled_to_UNSW,33,0.048444475144147875,0.25999999999999995,0.979040091595723,0.9960470616761619,0.9985268113603171,0.9508439009790185,0.00025
E5_Pooled_to_UNSW,34,0.0486108535528183,0.295,0.9789418952294293,0.9960973523056539,0.9985483688374014,0.9557278689653073,0.00025
E5_Pooled_to_UNSW,35,0.048295537114143375,0.26499999999999996,0.9790579301807836,0.9960547059965891,0.9985271777064554,0.9513083309404777,0.000125
E5_Pooled_to_UNSW,36,0.04800180387496948,0.27999999999999997,0.979343661502582,0.9961942078214214,0.9985816734060247,0.9535100894859433,0.000125
E5_Pooled_to_UNSW,37,0.04777680930495262,0.29,0.979070907358939,0.9961390553946149,0.9985565556661686,0.9523801565581201,0.000125
E5_Pooled_to_UNSW,38,0.04774951836466789,0.27499999999999997,0.9792653151820065,0.9962343430033649,0.9985946688892097,0.9527378507613211,0.000125
E5_Pooled_to_UNSW,39,0.047569865196943284,0.27999999999999997,0.979261095591364,0.9962333321723299,0.9986005694442819,0.9529156522741544,0.000125
E5_Pooled_to_UNSW,40,0.04735939690470695,0.27999999999999997,0.9792480423554675,0.9962892230819133,0.9986200771339406,0.9534652205865481,6.25e-05
E5_Pooled_to_UNSW,41,0.04736547788977623,0.26999999999999996,0.9793514143310247,0.9962490526661043,0.9986056072856573,0.9527733836386088,6.25e-05
E5_Pooled_to_UNSW,42,0.04739960652589798,0.27499999999999997,0.9794045261930756,0.996311783230807,0.9986250002399919,0.9533883041057563,6.25e-05
E5_Pooled_to_UNSW,43,0.04728759127855301,0.27499999999999997,0.9792859720050698,0.9962692907128041,0.9986061700951079,0.953089134305523,6.25e-05
E5_Pooled_to_UNSW,44,0.04719798254966736,0.25999999999999995,0.9792492767286878,0.9962394357253387,0.9985990377228251,0.9521926019303922,3.125e-05
E5_Pooled_to_UNSW,45,0.04717703196406364,0.25999999999999995,0.9793104722830557,0.9962931130911249,0.9986188064118218,0.9520546527763112,3.125e-05
E5_Pooled_to_ToN,1,0.11031726944446564,0.105,0.9711822929982834,0.9889054856584226,0.9958394013499106,0.9256002228029678,0.001
E5_Pooled_to_ToN,2,0.07529651516675949,0.15999999999999998,0.9728620755978494,0.9919925003136386,0.9970199038002854,0.9316531476038579,0.001
E5_Pooled_to_ToN,3,0.06885392299294471,0.16999999999999998,0.9741575810836789,0.9933615940550405,0.997526118440661,0.9336390692024812,0.001
E5_Pooled_to_ToN,4,0.06474977052211761,0.31999999999999995,0.9749884718251406,0.994024342114024,0.9977823910284538,0.9421107036476444,0.001
E5_Pooled_to_ToN,5,0.06264001059532165,0.26499999999999996,0.9745667176859837,0.9939058006301354,0.9977408835134285,0.9355257741402107,0.001
E5_Pooled_to_ToN,6,0.0605556837618351,0.22499999999999998,0.976284838222507,0.9945489905607979,0.9979811578736995,0.9375507139120123,0.001
E5_Pooled_to_ToN,7,0.05979931971430778,0.26499999999999996,0.9757294087270849,0.9943173021835185,0.9978998889721902,0.9433909899547601,0.001
E5_Pooled_to_ToN,8,0.05929272338747978,0.26499999999999996,0.9764270729822236,0.9946952825228844,0.9980256374553304,0.942670590721315,0.001
E5_Pooled_to_ToN,9,0.05755724999308586,0.27499999999999997,0.9768905822910627,0.9947631062856942,0.9980535597339298,0.9437771150306711,0.001
E5_Pooled_to_ToN,10,0.056692280888557434,0.245,0.9769092831854338,0.9949081964872849,0.998099596796737,0.9430659089793381,0.001
E5_Pooled_to_ToN,11,0.05535807952284813,0.21499999999999997,0.9780841839787193,0.9951594634666181,0.9981967578409056,0.9461545896250352,0.001
E5_Pooled_to_ToN,12,0.05617317819595337,0.26999999999999996,0.9777140335392762,0.9952892350309551,0.9982468981555842,0.9443953836673138,0.001
E5_Pooled_to_ToN,13,0.05502926781773567,0.25499999999999995,0.9775924289291501,0.9952136526757214,0.9982149907683852,0.9453849962971301,0.001
E5_Pooled_to_ToN,14,0.05447470584511757,0.27999999999999997,0.9778295089236226,0.9953944352592615,0.9982827229833594,0.9489836671492602,0.001
E5_Pooled_to_ToN,15,0.0540887605547905,0.26499999999999996,0.978370490773749,0.995541019091072,0.9983404047650031,0.9497837768138098,0.001
E5_Pooled_to_ToN,16,0.054320520788431165,0.19,0.9778255043412817,0.9954506275612353,0.9983100291441346,0.9430314959676155,0.001
E5_Pooled_to_ToN,17,0.053002257168293,0.235,0.978416472944787,0.9956292018384445,0.9983772249459415,0.9451764041948609,0.001
E5_Pooled_to_ToN,18,0.053012089163064956,0.20499999999999996,0.9784376234531039,0.9956573484595632,0.9983843490673353,0.9450980935957128,0.001
E5_Pooled_to_ToN,19,0.05302088648080826,0.245,0.978021978021978,0.9955010957884552,0.998331161862191,0.9459437635052359,0.0005
E5_Pooled_to_ToN,20,0.0515020400583744,0.21499999999999997,0.9786393495337407,0.9957698873307065,0.9984300463586353,0.9454974513688094,0.0005
E5_Pooled_to_ToN,21,0.05086092674732208,0.235,0.9786893832878449,0.9958630056760577,0.9984648297094691,0.9458120878837586,0.0005
E5_Pooled_to_ToN,22,0.05091282591223717,0.22499999999999998,0.9788148433841153,0.9959001197920956,0.9984746563197124,0.9453907156105512,0.0005
E5_Pooled_to_ToN,23,0.050885638266801834,0.25499999999999995,0.9784791965566715,0.9957064311388264,0.9984032638179187,0.9461494359579965,0.0005
E5_Pooled_to_ToN,24,0.050485542595386505,0.25499999999999995,0.9791225193019956,0.995867016623132,0.9984641746674583,0.9490062472957532,0.0005
E5_Pooled_to_ToN,25,0.050461798280477525,0.26999999999999996,0.9783422386124319,0.9957000542852927,0.9984075109820024,0.9458477578874417,0.0005
E5_Pooled_to_ToN,26,0.05059140884876251,0.22999999999999998,0.9786785078625296,0.9958755722627308,0.998469424103263,0.9442783405749783,0.0005
E5_Pooled_to_ToN,27,0.05018085622787476,0.26999999999999996,0.9789534872992001,0.9959510703423672,0.998493120289295,0.9500299986845008,0.0005
E5_Pooled_to_ToN,28,0.04993923211097717,0.235,0.9787065883671988,0.9959407877672224,0.9984931009073401,0.9458954150235497,0.00025
E5_Pooled_to_ToN,29,0.04956286329030991,0.22999999999999998,0.9791085966606872,0.9960039587552447,0.9985173950857487,0.9475694826303366,0.00025
E5_Pooled_to_ToN,30,0.04914103814959526,0.245,0.9787606058932877,0.9960701484285056,0.9985429173114555,0.9472402135862457,0.00025
E5_Pooled_to_ToN,31,0.048852399051189425,0.235,0.978952016485134,0.9961214851228983,0.9985602185743704,0.9472814600633542,0.00025
E5_Pooled_to_ToN,32,0.04877898165583611,0.26999999999999996,0.9790134959364594,0.9961125719071773,0.9985548231290775,0.9499405408521016,0.000125
